;City;Name;Ticket;Price;;ID;Room;Date;Website;;Type;Logo;Genre
1;Aarhus C;KAMMERKONCERT;http://www.billetlugen.dk/referer/?r=266abe1b7fab4562a5c2531d0ae62171&p=/koeb/billetter/29048/46773/;85.00 - 115.00 DKK;1403593223;46773;Symfonisk Sal;2014-09-21T15:00:00;http://www.musikhusetaarhus.dk/kalender/29048/;901;Musik;http://static.billetlugen.dk/images/events/b/29048.jpg;Klassisk
0;Aarhus C;Sanne Salomonsen Hjem 2014;http://www.billetlugen.dk/referer/?r=266abe1b7fab4562a5c2531d0ae62171&p=/koeb/billetter/31483/42105/;295.00 DKK;1398409215;42105;Store Sal;2014-04-24T20:00:00;http://www.musikhusetaarhus.dk/kalender/31483/;230;Musik;http://static.billetlugen.dk/images/events/b/31483.jpg;Rock,Pop
0;Aarhus C;Jane & Shane og John Sheahan;http://www.billetlugen.dk/referer/?r=266abe1b7fab4562a5c2531d0ae62171&p=/koeb/billetter/31803/42979/;250.00 DKK;1398495614;42979;Lille Sal;2014-04-25T19:30:00;http://www.musikhusetaarhus.dk/kalender/31803/;292;Musik;http://static.billetlugen.dk/images/events/b/31803.jpg;Folk
0;Aarhus C;Scandinavian Saxophone Festival-Times Again;http://www.billetlugen.dk/referer/?r=266abe1b7fab4562a5c2531d0ae62171&p=/koeb/billetter/29210/46785/;Gratis;1397718013;46785;Kammermusiksalen;2014-04-16T19:30:00;http://www.musikhusetaarhus.dk/kalender/29210/;554;Musik;http://static.billetlugen.dk/images/events/b/29210.jpg;Klassisk,Gratis
0;Aarhus C;H.P. Lange;http://www.billetlugen.dk/referer/?r=266abe1b7fab4562a5c2531d0ae62171&p=/koeb/billetter/29289/45099/;Gratis;1397804412;45099;Caféen;2014-04-17T13:00:00;http://www.musikhusetaarhus.dk/kalender/29289/;413;Musik;http://static.billetlugen.dk/images/events/b/29289.jpg;Koncert,Gratis
0;Aarhus C;Rasmus Skov Borring, soloklaver;http://www.billetlugen.dk/referer/?r=266abe1b7fab4562a5c2531d0ae62171&p=/koeb/billetter/32351/44031/;Gratis;1397977213;44031;Caféen;2014-04-19T13:00:00;http://www.musikhusetaarhus.dk/kalender/32351/;334;Musik;http://static.billetlugen.dk/images/events/b/32351.jpg;Koncert,Gratis
0;Aarhus C;Mikkel Rønnow & Anna Vaupel;http://www.billetlugen.dk/referer/?r=266abe1b7fab4562a5c2531d0ae62171&p=/koeb/billetter/32834/45248/;Gratis;1398063613;45248;Caféen;2014-04-20T13:00:00;http://www.musikhusetaarhus.dk/kalender/32834/;432;Musik;http://static.billetlugen.dk/images/events/b/32834.jpg;Musical,Opera/Operette,Gratis
0;Aarhus C;SPOT Festival 2014;http://www.billetlugen.dk/referer/?r=266abe1b7fab4562a5c2531d0ae62171&p=/koeb/billetter/33768/47633/;Billet;1399186813;47633;Musikhuset Aarhus;2014-05-03T00:00:00;http://www.musikhusetaarhus.dk/kalender/33768/;628;Musik;http://static.billetlugen.dk/images/events/b/33768.jpg;null
0;Aarhus C;SPOT Festival 2014;http://www.billetlugen.dk/referer/?r=266abe1b7fab4562a5c2531d0ae62171&p=/koeb/billetter/33768/47630/;Billet;1399186813;47630;Musikhuset Aarhus;2014-05-01T00:00:00;http://www.musikhusetaarhus.dk/kalender/33768/;626;Musik;http://static.billetlugen.dk/images/events/b/33768.jpg;null
0;Aarhus C;SPOT Festival 2014;http://www.billetlugen.dk/referer/?r=266abe1b7fab4562a5c2531d0ae62171&p=/koeb/billetter/33768/47634/;Billet;1399186813;47634;Musikhuset Aarhus;2014-05-04T00:00:00;http://www.musikhusetaarhus.dk/kalender/33768/;629;Musik;http://static.billetlugen.dk/images/events/b/33768.jpg;null
0;Aarhus C;Chamber Music Society of Lincoln Center;http://www.billetlugen.dk/referer/?r=266abe1b7fab4562a5c2531d0ae62171&p=/koeb/billetter/31277/41799/;320.00 DKK;1397458812;41799;Lille Sal;2014-04-13T19:30:00;http://www.musikhusetaarhus.dk/kalender/31277/;261;Musik;http://static.billetlugen.dk/images/events/s/100/45/31277.jpg;Klassisk koncert
0;Aarhus C;8000 Comedy;http://www.billetlugen.dk/referer/?r=266abe1b7fab4562a5c2531d0ae62171&p=/koeb/billetter/33252/47546/;Gratis;1398322812;47546;Caféen;2014-05-30T16:00:00;http://www.musikhusetaarhus.dk/kalender/33252/;622;Andet;http://static.billetlugen.dk/images/events/b/33252.jpg;Gratis
0;Aarhus C;Duokoncert;http://www.billetlugen.dk/referer/?r=266abe1b7fab4562a5c2531d0ae62171&p=/koeb/billetter/19447/44960/;Gratis;1398322812;44960;Kammermusiksalen;2014-04-23T19:00:00;http://www.musikhusetaarhus.dk/kalender/19447/;372;Musik;http://static.billetlugen.dk/images/events/b/19447.jpg;Koncert,Gratis
0;Aarhus C;8000 Comedy;http://www.billetlugen.dk/referer/?r=266abe1b7fab4562a5c2531d0ae62171&p=/koeb/billetter/33252/47810/;Gratis;1401519620;47810;Caféen;2014-05-30T16:00:00;http://www.musikhusetaarhus.dk/kalender/33252/;630;Andet;http://static.billetlugen.dk/images/events/b/33252.jpg;Gratis
0;Aarhus C;Lørdagskoncert - gratis;http://www.billetlugen.dk/referer/?r=266abe1b7fab4562a5c2531d0ae62171&p=/koeb/billetter/33743/47556/;Gratis;1403420426;47556;Symfonisk Sal;2014-06-21T12:00:00;http://www.musikhusetaarhus.dk/kalender/33743/;637;Musik;http://static.billetlugen.dk/images/events/b/33743.jpg;null
0;Aarhus C;Eine Alpensinfonie;http://www.billetlugen.dk/referer/?r=266abe1b7fab4562a5c2531d0ae62171&p=/koeb/billetter/29098/37691/;130.00 - 295.00 DKK;1399186813;37691;Symfonisk Sal;2014-05-01T19:30:00;http://www.musikhusetaarhus.dk/kalender/29098/;232;Musik;http://static.billetlugen.dk/images/events/b/29098.jpg;Klassisk,Klassisk koncert
0;Aarhus C;Sommerkoncert - Gratis;http://www.billetlugen.dk/referer/?r=266abe1b7fab4562a5c2531d0ae62171&p=/koeb/billetter/33745/47558/;Gratis;1403766021;47558;Symfonisk Sal;2014-06-25T19:30:00;http://www.musikhusetaarhus.dk/kalender/33745/;638;Musik;http://static.billetlugen.dk/images/events/b/33745.jpg;null
0;Aarhus C;ASO intro;http://www.billetlugen.dk/referer/?r=266abe1b7fab4562a5c2531d0ae62171&p=/koeb/billetter/32163/47304/;Gratis;1399186813;47304;Kammermusiksalen;2014-05-01T18:30:00;http://www.musikhusetaarhus.dk/kalender/32163/;599;Musik;http://static.billetlugen.dk/images/events/b/32163.jpg;Andet,Gratis
0;Aarhus C;Ida Gard;http://www.billetlugen.dk/referer/?r=266abe1b7fab4562a5c2531d0ae62171&p=/koeb/billetter/32157/43717/;170.00 DKK;1398409215;43717;Lille Sal;2014-04-24T20:00:00;http://www.musikhusetaarhus.dk/kalender/32157/;388;Musik;http://static.billetlugen.dk/images/events/b/32157.jpg;Rock,Pop
0;Aarhus C;ÅMSK elevkoncert;http://www.billetlugen.dk/referer/?r=266abe1b7fab4562a5c2531d0ae62171&p=/koeb/billetter/20085/45095/;Gratis;1399878017;45095;Caféen;2014-05-11T12:00:00;http://www.musikhusetaarhus.dk/kalender/20085/;415;Musik;http://static.billetlugen.dk/images/events/b/20085.jpg;Familie/børn,Koncert,Gratis
0;Aarhus C;Better than you think - Anders Haglund;http://www.billetlugen.dk/referer/?r=266abe1b7fab4562a5c2531d0ae62171&p=/koeb/billetter/33447/47015/;450.00 DKK;1398495614;47015;Rytmisk Sal;2014-05-13T16:15:00;http://www.musikhusetaarhus.dk/kalender/33447/;582;Musik;http://static.billetlugen.dk/images/events/b/33447.jpg;Foredrag/Kurser
0;Aarhus C;Violinaften;http://www.billetlugen.dk/referer/?r=266abe1b7fab4562a5c2531d0ae62171&p=/koeb/billetter/32877/47911/;Gratis;1399618816;47911;Lok 222;2014-05-08T19:30:00;http://www.musikhusetaarhus.dk/kalender/32877/;645;Musik;http://static.billetlugen.dk/images/events/b/32877.jpg;Klassisk koncert,Gratis
0;Aarhus C;Pigen Med Paraplyerne;http://www.billetlugen.dk/referer/?r=266abe1b7fab4562a5c2531d0ae62171&p=/koeb/billetter/32532/44533/;190.00 - 370.00 DKK;1398582013;44533;Store Sal;2014-04-26T15:00:00;http://www.musikhusetaarhus.dk/kalender/32532/;438;Teater;http://static.billetlugen.dk/images/events/b/32532.jpg;Teater
0;Aarhus C;Den mystiske sag om hunden i natten;http://www.billetlugen.dk/referer/?r=266abe1b7fab4562a5c2531d0ae62171&p=/koeb/billetter/32762/45151/;210.00 - 290.00 DKK;1399878017;45151;Store Sal;2014-05-11T15:00:00;http://www.musikhusetaarhus.dk/kalender/32762/;443;Teater;http://static.billetlugen.dk/images/events/b/32762.jpg;Teater
0;Aarhus C;Slagtøjskoncert;http://www.billetlugen.dk/referer/?r=266abe1b7fab4562a5c2531d0ae62171&p=/koeb/billetter/17306/47416/;Gratis;1399964418;47416;Kammermusiksalen;2014-05-12T19:30:00;http://www.musikhusetaarhus.dk/kalender/17306/;612;Musik;http://static.billetlugen.dk/images/events/b/17306.jpg;Koncert,Gratis
0;Aarhus C;Bigband-koncert;http://www.billetlugen.dk/referer/?r=266abe1b7fab4562a5c2531d0ae62171&p=/koeb/billetter/30976/47922/;Gratis;1400828421;47922;Kammermusiksalen;2014-05-22T21:00:00;http://www.musikhusetaarhus.dk/kalender/30976/;649;Musik;http://static.billetlugen.dk/images/events/b/30976.jpg;Koncert,Gratis
0;Aarhus C;Violinaften;http://www.billetlugen.dk/referer/?r=266abe1b7fab4562a5c2531d0ae62171&p=/koeb/billetter/32877/47912/;Gratis;1400914826;47912;Kammermusiksalen;2014-05-23T19:30:00;http://www.musikhusetaarhus.dk/kalender/32877/;650;Musik;http://static.billetlugen.dk/images/events/b/32877.jpg;Klassisk koncert,Gratis
0;Aarhus C;Impressions of Pärth & Nørgård;http://www.billetlugen.dk/referer/?r=266abe1b7fab4562a5c2531d0ae62171&p=/koeb/billetter/33863/47920/;Gratis;1400655619;47920;Kammermusiksalen;2014-05-20T19:30:00;http://www.musikhusetaarhus.dk/kalender/33863/;646;Musik;http://static.billetlugen.dk/images/events/b/33863.jpg;Gratis
0;Aarhus C;Guitaraften;http://www.billetlugen.dk/referer/?r=266abe1b7fab4562a5c2531d0ae62171&p=/koeb/billetter/22787/47921/;Gratis;1400742019;47921;Kammermusiksalen;2014-05-21T19:30:00;http://www.musikhusetaarhus.dk/kalender/22787/;648;Musik;http://static.billetlugen.dk/images/events/b/22787.jpg;Klassisk koncert,Gratis
0;Aarhus C;Klassiske eksamenskoncerter;http://www.billetlugen.dk/referer/?r=266abe1b7fab4562a5c2531d0ae62171&p=/koeb/billetter/29964/48704/;Gratis;1401778822;48704;Kammermusiksalen;2014-06-02T11:00:00;http://www.musikhusetaarhus.dk/kalender/29964/;787;Musik;http://static.billetlugen.dk/images/events/b/29964.jpg;Klassisk koncert,Gratis
0;Aarhus C;Ukendt Aarhus fotoudstilling;http://www.billetlugen.dk/referer/?r=266abe1b7fab4562a5c2531d0ae62171&p=/koeb/billetter/33509/47148/;Gratis;1397286012;47148;Musikhuset Aarhus;2014-04-11T16:00:00;http://www.musikhusetaarhus.dk/kalender/33509/;577;Andet;http://static.billetlugen.dk/images/events/s/100/45/33509.jpg;null
0;Aarhus C;AM-cafe;http://www.billetlugen.dk/referer/?r=266abe1b7fab4562a5c2531d0ae62171&p=/koeb/billetter/27013/47929/;Gratis;1401519620;47929;Kammermusiksalen;2014-05-30T15:00:00;http://www.musikhusetaarhus.dk/kalender/27013/;653;Musik;http://static.billetlugen.dk/images/events/b/27013.jpg;Klassisk,Gratis
0;Aarhus C;Sofie Spanget Rasmussen - prædebut, cello;http://www.billetlugen.dk/referer/?r=266abe1b7fab4562a5c2531d0ae62171&p=/koeb/billetter/33866/47925/;Gratis;1401433220;47925;Kammermusiksalen;2014-05-29T19:30:00;http://www.musikhusetaarhus.dk/kalender/33866/;652;Musik;http://static.billetlugen.dk/images/events/b/33866.jpg;Gratis
0;Aarhus C;Violinaften;http://www.billetlugen.dk/referer/?r=266abe1b7fab4562a5c2531d0ae62171&p=/koeb/billetter/32877/47913/;Gratis;1401519620;47913;Kammermusiksalen;2014-05-30T19:30:00;http://www.musikhusetaarhus.dk/kalender/32877/;654;Musik;http://static.billetlugen.dk/images/events/b/32877.jpg;Klassisk koncert,Gratis
0;Aarhus C;Klassiske eksamenskoncerter;http://www.billetlugen.dk/referer/?r=266abe1b7fab4562a5c2531d0ae62171&p=/koeb/billetter/29964/48705/;Gratis;1401865219;48705;Musikhuset Aarhus;2014-06-03T10:00:00;http://www.musikhusetaarhus.dk/kalender/29964/;788;Musik;http://static.billetlugen.dk/images/events/b/29964.jpg;Klassisk koncert,Gratis
0;Aarhus C;Syng i Den Blå;http://www.billetlugen.dk/referer/?r=266abe1b7fab4562a5c2531d0ae62171&p=/koeb/billetter/17303/43733/;Gratis;1398582013;43733;Caféen;2014-04-26T14:00:00;http://www.musikhusetaarhus.dk/kalender/17303/;317;Musik;http://static.billetlugen.dk/images/events/b/17303.jpg;Familie/børn,Gratis
0;Aarhus C;Orgelkoncert;http://www.billetlugen.dk/referer/?r=266abe1b7fab4562a5c2531d0ae62171&p=/koeb/billetter/15268/47918/;Gratis;1401260420;47918;Symfonisk Sal;2014-06-04T17:00:00;http://www.musikhusetaarhus.dk/kalender/15268/;656;Musik;http://static.billetlugen.dk/images/events/b/15268.jpg;Klassisk koncert,Gratis
0;Aarhus C;CD release/ koncert - Henrik Bendstrup, cello;http://www.billetlugen.dk/referer/?r=266abe1b7fab4562a5c2531d0ae62171&p=/koeb/billetter/33562/47230/;Gratis;1398582013;47230;Lille Sal;2014-04-26T15:00:00;http://www.musikhusetaarhus.dk/kalender/33562/;592;Musik;http://static.billetlugen.dk/images/events/b/33562.jpg;null
0;Aarhus C;Pigen Med Paraplyerne;http://www.billetlugen.dk/referer/?r=266abe1b7fab4562a5c2531d0ae62171&p=/koeb/billetter/32532/44535/;190.00 - 370.00 DKK;1398582013;44535;Store Sal;2014-04-26T20:00:00;http://www.musikhusetaarhus.dk/kalender/32532/;439;Teater;http://static.billetlugen.dk/images/events/b/32532.jpg;Teater
0;Aarhus C;Morten Ladehoff, orgel;http://www.billetlugen.dk/referer/?r=266abe1b7fab4562a5c2531d0ae62171&p=/koeb/billetter/33561/47228/;Gratis;1398322812;47228;Symfonisk Sal;2014-04-23T17:00:00;http://www.musikhusetaarhus.dk/kalender/33561/;590;Musik;http://static.billetlugen.dk/images/events/b/33561.jpg;null
0;Aarhus C;Rytmisk Koncertcafé;http://www.billetlugen.dk/referer/?r=266abe1b7fab4562a5c2531d0ae62171&p=/koeb/billetter/17168/47232/;Gratis;1398754814;47232;Kammermusiksalen;2014-04-28T20:00:00;http://www.musikhusetaarhus.dk/kalender/17168/;594;Musik;http://static.billetlugen.dk/images/events/b/17168.jpg;Koncert,Gratis
0;Aarhus C;Fløjteaften;http://www.billetlugen.dk/referer/?r=266abe1b7fab4562a5c2531d0ae62171&p=/koeb/billetter/15270/47229/;Gratis;1398495614;47229;Kammermusiksalen;2014-04-25T19:30:00;http://www.musikhusetaarhus.dk/kalender/15270/;591;Musik;http://static.billetlugen.dk/images/events/b/15270.jpg;Klassisk koncert,Gratis
0;Aarhus C;Rune Maahn Christensen, soloklaver;http://www.billetlugen.dk/referer/?r=266abe1b7fab4562a5c2531d0ae62171&p=/koeb/billetter/32740/48011/;Gratis;1400310019;48011;Caféen;2014-05-16T13:00:00;http://www.musikhusetaarhus.dk/kalender/32740/;673;Musik;http://static.billetlugen.dk/images/events/b/32740.jpg;Klassisk koncert,Gratis
0;Aarhus C;Slagtøjskoncert;http://www.billetlugen.dk/referer/?r=266abe1b7fab4562a5c2531d0ae62171&p=/koeb/billetter/17306/47952/;Gratis;1400310019;47952;Kammermusiksalen;2014-05-16T19:30:00;http://www.musikhusetaarhus.dk/kalender/17306/;674;Musik;http://static.billetlugen.dk/images/events/b/17306.jpg;Koncert,Gratis
0;Aarhus C;Klassiske eksamenskoncerter;http://www.billetlugen.dk/referer/?r=266abe1b7fab4562a5c2531d0ae62171&p=/koeb/billetter/29964/48709/;Gratis;1402124425;48709;Kammermusiksalen;2014-06-06T10:00:00;http://www.musikhusetaarhus.dk/kalender/29964/;795;Musik;http://static.billetlugen.dk/images/events/b/29964.jpg;Klassisk koncert,Gratis
0;Aarhus C;ASO intro;http://www.billetlugen.dk/referer/?r=266abe1b7fab4562a5c2531d0ae62171&p=/koeb/billetter/32163/47303/;Gratis;1397199607;47303;Kammermusiksalen;2014-04-10T18:30:00;http://www.musikhusetaarhus.dk/kalender/32163/;598;Musik;http://static.billetlugen.dk/images/events/s/100/45/32163.jpg;Andet,Gratis
0;Aarhus C;Klarinetmatiné;http://www.billetlugen.dk/referer/?r=266abe1b7fab4562a5c2531d0ae62171&p=/koeb/billetter/31126/47231/;Gratis;1398668413;47231;Kammermusiksalen;2014-04-27T15:00:00;http://www.musikhusetaarhus.dk/kalender/31126/;593;Musik;http://static.billetlugen.dk/images/events/b/31126.jpg;Klassisk koncert,Gratis
0;Aarhus C;Klassiske eksamenskoncerter;http://www.billetlugen.dk/referer/?r=266abe1b7fab4562a5c2531d0ae62171&p=/koeb/billetter/29964/48720/;Gratis;1402556422;48720;Lille Sal;2014-06-11T13:00:00;http://www.musikhusetaarhus.dk/kalender/29964/;803;Musik;http://static.billetlugen.dk/images/events/b/29964.jpg;Klassisk koncert,Gratis
0;Aarhus C;Eine Alpensinfonie;http://www.billetlugen.dk/referer/?r=266abe1b7fab4562a5c2531d0ae62171&p=/koeb/billetter/29098/37692/;130.00 - 295.00 DKK;1399186813;37692;Symfonisk Sal;2014-05-02T19:30:00;http://www.musikhusetaarhus.dk/kalender/29098/;234;Musik;http://static.billetlugen.dk/images/events/b/29098.jpg;Klassisk,Klassisk koncert
0;Aarhus C;Martin Fröst og Den Danske Kvartet;http://www.billetlugen.dk/referer/?r=266abe1b7fab4562a5c2531d0ae62171&p=/koeb/billetter/31278/41800/;320.00 DKK;1399446015;41800;Lille Sal;2014-05-06T19:30:00;http://www.musikhusetaarhus.dk/kalender/31278/;262;Musik;http://static.billetlugen.dk/images/events/b/31278.jpg;Klassisk koncert
1;Aarhus C;KAMMERKONCERT;http://www.billetlugen.dk/referer/?r=266abe1b7fab4562a5c2531d0ae62171&p=/koeb/billetter/29048/46774/;85.00 - 115.00 DKK;1403593223;46774;Symfonisk Sal;2014-11-23T15:00:00;http://www.musikhusetaarhus.dk/kalender/29048/;902;Musik;http://static.billetlugen.dk/images/events/b/29048.jpg;Klassisk
1;Aarhus C;KAMMERKONCERT;http://www.billetlugen.dk/referer/?r=266abe1b7fab4562a5c2531d0ae62171&p=/koeb/billetter/29048/46775/;85.00 - 115.00 DKK;1403593223;46775;Symfonisk Sal;2015-01-25T15:00:00;http://www.musikhusetaarhus.dk/kalender/29048/;903;Musik;http://static.billetlugen.dk/images/events/b/29048.jpg;Klassisk
1;Aarhus C;KAMMERKONCERT;http://www.billetlugen.dk/referer/?r=266abe1b7fab4562a5c2531d0ae62171&p=/koeb/billetter/29048/46776/;85.00 - 115.00 DKK;1403593223;46776;Symfonisk Sal;2015-03-22T15:00:00;http://www.musikhusetaarhus.dk/kalender/29048/;904;Musik;http://static.billetlugen.dk/images/events/b/29048.jpg;Klassisk
1;Aarhus C;8000 Comedy;http://www.billetlugen.dk/referer/?r=266abe1b7fab4562a5c2531d0ae62171&p=/koeb/billetter/33252/47481/;Gratis;1407308428;47481;Caféen;2014-08-22T16:00:00;http://www.musikhusetaarhus.dk/kalender/33252/;623;Andet;http://static.billetlugen.dk/images/events/b/33252.jpg;Gratis
1;Aarhus C;Thomas Warberg - EKSTRA SHOW;http://www.billetlugen.dk/referer/?r=266abe1b7fab4562a5c2531d0ae62171&p=/koeb/billetter/32738/51467/;260.00 DKK;1404370820;51467;Rytmisk Sal;2014-10-25T17:00:00;http://www.musikhusetaarhus.dk/kalender/32738/;905;Andet;http://static.billetlugen.dk/images/events/b/32738.jpg;Standup/Comedy
1;Aarhus C;The Great Guiseppe Verdi Night;http://www.billetlugen.dk/referer/?r=266abe1b7fab4562a5c2531d0ae62171&p=/koeb/billetter/33528/47197/;445.00 - 495.00 DKK;1398322812;47197;Store Sal;2015-01-16T20:00:00;http://www.musikhusetaarhus.dk/kalender/33528/;634;Musik;http://static.billetlugen.dk/images/events/b/33528.jpg;Opera/Operette
1;Aarhus C;Svanesøen;http://www.billetlugen.dk/referer/?r=266abe1b7fab4562a5c2531d0ae62171&p=/koeb/billetter/33538/47193/;445.00 - 495.00 DKK;1398322812;47193;Store Sal;2015-02-11T20:00:00;http://www.musikhusetaarhus.dk/kalender/33538/;635;Andet;http://static.billetlugen.dk/images/events/b/33538.jpg;Ballet
1;Aarhus C;8000 Comedy;http://www.billetlugen.dk/referer/?r=266abe1b7fab4562a5c2531d0ae62171&p=/koeb/billetter/33252/47812/;Gratis;1407308428;47812;Caféen;2014-09-26T16:00:00;http://www.musikhusetaarhus.dk/kalender/33252/;631;Andet;http://static.billetlugen.dk/images/events/b/33252.jpg;Gratis
1;Aarhus C;8000 Comedy;http://www.billetlugen.dk/referer/?r=266abe1b7fab4562a5c2531d0ae62171&p=/koeb/billetter/33252/47813/;Gratis;1407308428;47813;Caféen;2014-10-24T16:00:00;http://www.musikhusetaarhus.dk/kalender/33252/;632;Andet;http://static.billetlugen.dk/images/events/b/33252.jpg;Gratis
1;Aarhus C;8000 Comedy;http://www.billetlugen.dk/referer/?r=266abe1b7fab4562a5c2531d0ae62171&p=/koeb/billetter/33252/47482/;Gratis;1407308428;47482;Caféen;2014-08-29T16:00:00;http://www.musikhusetaarhus.dk/kalender/33252/;624;Andet;http://static.billetlugen.dk/images/events/b/33252.jpg;Gratis
1;Aarhus C;8000 Comedy;http://www.billetlugen.dk/referer/?r=266abe1b7fab4562a5c2531d0ae62171&p=/koeb/billetter/33252/47814/;Gratis;1407308428;47814;Caféen;2014-11-28T16:00:00;http://www.musikhusetaarhus.dk/kalender/33252/;633;Andet;http://static.billetlugen.dk/images/events/b/33252.jpg;Gratis
1;Aarhus C;Blood Sweat Drum +  Bass;http://www.billetlugen.dk/referer/?r=266abe1b7fab4562a5c2531d0ae62171&p=/koeb/billetter/34229/48821/;80.00 - 110.00 DKK;1401174020;48821;Rytmisk Sal;2014-09-04T20:00:00;http://www.musikhusetaarhus.dk/kalender/34229/;832;Musik;http://static.billetlugen.dk/images/events/b/34229.jpg;Jazz
1;Aarhus C;Peter Viskinde Band;http://www.billetlugen.dk/referer/?r=266abe1b7fab4562a5c2531d0ae62171&p=/koeb/billetter/33591/47336/;250.00 DKK;1398409215;47336;Lille Sal;2014-10-04T20:00:00;http://www.musikhusetaarhus.dk/kalender/33591/;639;Musik;http://static.billetlugen.dk/images/events/b/33591.jpg;Rock,Pop
1;Aarhus C;Familiekoncert - gratis;http://www.billetlugen.dk/referer/?r=266abe1b7fab4562a5c2531d0ae62171&p=/koeb/billetter/33747/47560/;Gratis;1398409215;47560;Symfonisk Sal;2014-10-09T17:00:00;http://www.musikhusetaarhus.dk/kalender/33747/;640;Musik;http://static.billetlugen.dk/images/events/b/33747.jpg;null
1;Aarhus C;Familiekoncert - gratis;http://www.billetlugen.dk/referer/?r=266abe1b7fab4562a5c2531d0ae62171&p=/koeb/billetter/33746/47559/;Gratis;1398409215;47559;Symfonisk Sal;2014-11-01T11:00:00;http://www.musikhusetaarhus.dk/kalender/33746/;641;Musik;http://static.billetlugen.dk/images/events/b/33746.jpg;null
1;Aarhus C;Hist & Her - Sanseudstilling;http://www.billetlugen.dk/referer/?r=266abe1b7fab4562a5c2531d0ae62171&p=/koeb/billetter/34821/51455/;Gratis;1406876425;51455;Balkongalleriet;2014-09-03T10:00:00;http://www.musikhusetaarhus.dk/kalender/34821/;973;Andet;http://static.billetlugen.dk/images/events/b/34821.jpg;Familie/børn,Gratis
1;Aarhus C;Allan Olsen Solo;http://www.billetlugen.dk/referer/?r=266abe1b7fab4562a5c2531d0ae62171&p=/koeb/billetter/33822/47860/;280.00 - 320.00 DKK;1398495614;47860;Symfonisk Sal;2014-09-20T20:00:00;http://www.musikhusetaarhus.dk/kalender/33822/;642;Musik;http://static.billetlugen.dk/images/events/b/33822.jpg;Rock,Singer/Songwriter
1;Aarhus C;Skatteøen;http://www.billetlugen.dk/referer/?r=266abe1b7fab4562a5c2531d0ae62171&p=/koeb/billetter/33823/47861/;170.00 - 370.00 DKK;1398495614;47861;Store Sal;2015-02-27T19:00:00;http://www.musikhusetaarhus.dk/kalender/33823/;643;Musik;http://static.billetlugen.dk/images/events/b/33823.jpg;Musical,Familie/børn
1;Aarhus C;Skatteøen;http://www.billetlugen.dk/referer/?r=266abe1b7fab4562a5c2531d0ae62171&p=/koeb/billetter/33823/47862/;170.00 - 370.00 DKK;1398495614;47862;Store Sal;2015-02-28T15:00:00;http://www.musikhusetaarhus.dk/kalender/33823/;644;Musik;http://static.billetlugen.dk/images/events/b/33823.jpg;Musical,Familie/børn
1;Aarhus C;Dansk naturpoesi og Tjajkovskijs femte;http://www.billetlugen.dk/referer/?r=266abe1b7fab4562a5c2531d0ae62171&p=/koeb/billetter/33640/46656/;130.00 - 260.00 DKK;1401174020;46656;Symfonisk Sal;2014-12-11T19:30:00;http://www.musikhusetaarhus.dk/kalender/33640/;727;Musik;http://static.billetlugen.dk/images/events/b/33640.jpg;Klassisk koncert
1;Aarhus C;Tam Tam i Musikhuset;http://www.billetlugen.dk/referer/?r=266abe1b7fab4562a5c2531d0ae62171&p=/koeb/billetter/31198/41651/;275.00 - 485.00 DKK;1401951621;41651;Store Sal;2014-08-30T20:00:00;http://www.musikhusetaarhus.dk/kalender/31198/;244;Musik;http://static.billetlugen.dk/images/events/b/31198.jpg;Revy
1;Aarhus C;Hist & Her - Sanseudstilling;http://www.billetlugen.dk/referer/?r=266abe1b7fab4562a5c2531d0ae62171&p=/koeb/billetter/34821/51458/;Gratis;1406876425;51458;Balkongalleriet;2014-09-06T10:00:00;http://www.musikhusetaarhus.dk/kalender/34821/;985;Andet;http://static.billetlugen.dk/images/events/b/34821.jpg;Familie/børn,Gratis
1;Aarhus C;Rimmer og Mørk redder verden;http://www.billetlugen.dk/referer/?r=266abe1b7fab4562a5c2531d0ae62171&p=/koeb/billetter/34889/51709/;160.00 DKK;1406876425;51709;Filursalen;2014-08-16T20:00:00;http://www.musikhusetaarhus.dk/kalender/34889/;958;Andet;http://static.billetlugen.dk/images/events/b/34889.jpg;Standup/Comedy
1;Aarhus C;Festuge Classic 2014;http://www.billetlugen.dk/referer/?r=266abe1b7fab4562a5c2531d0ae62171&p=/koeb/billetter/33366/46892/;225.00 - 395.00 DKK;1401174020;46892;Symfonisk Sal;2014-08-30T19:30:00;http://www.musikhusetaarhus.dk/kalender/33366/;658;Musik;http://static.billetlugen.dk/images/events/b/33366.jpg;Klassisk koncert
1;Aarhus C;Festuge Classic 2014;http://www.billetlugen.dk/referer/?r=266abe1b7fab4562a5c2531d0ae62171&p=/koeb/billetter/33366/46893/;225.00 - 395.00 DKK;1401174020;46893;Symfonisk Sal;2014-08-31T15:00:00;http://www.musikhusetaarhus.dk/kalender/33366/;659;Musik;http://static.billetlugen.dk/images/events/b/33366.jpg;Klassisk koncert
1;Aarhus C;Tam Tam i Musikhuset;http://www.billetlugen.dk/referer/?r=266abe1b7fab4562a5c2531d0ae62171&p=/koeb/billetter/31198/41655/;275.00 - 485.00 DKK;1401951621;41655;Store Sal;2014-08-31T20:00:00;http://www.musikhusetaarhus.dk/kalender/31198/;246;Musik;http://static.billetlugen.dk/images/events/b/31198.jpg;Revy
1;Aarhus C;Tam Tam i Musikhuset;http://www.billetlugen.dk/referer/?r=266abe1b7fab4562a5c2531d0ae62171&p=/koeb/billetter/31198/41660/;275.00 - 485.00 DKK;1401951621;41660;Store Sal;2014-09-05T17:00:00;http://www.musikhusetaarhus.dk/kalender/31198/;250;Musik;http://static.billetlugen.dk/images/events/b/31198.jpg;Revy
1;Aarhus C;La boheme;http://www.billetlugen.dk/referer/?r=266abe1b7fab4562a5c2531d0ae62171&p=/koeb/billetter/33498/47127/;205.00 - 505.00 DKK;1403334022;47127;Store Sal;2014-11-12T19:30:00;http://www.musikhusetaarhus.dk/kalender/33498/;660;Musik;http://static.billetlugen.dk/images/events/b/33498.jpg;Opera/Operette
1;Aarhus C;Trio Aurora;http://www.billetlugen.dk/referer/?r=266abe1b7fab4562a5c2531d0ae62171&p=/koeb/billetter/34765/49888/;Gratis;1406876425;49888;Caféen;2014-08-17T13:00:00;http://www.musikhusetaarhus.dk/kalender/34765/;925;Musik;http://static.billetlugen.dk/images/events/b/34765.jpg;Klassisk koncert,Gratis
1;Aarhus C;Ruder Konges Knægte;http://www.billetlugen.dk/referer/?r=266abe1b7fab4562a5c2531d0ae62171&p=/koeb/billetter/34768/49891/;Gratis;1406876425;49891;Foyer Syd;2014-08-19T19:30:00;http://www.musikhusetaarhus.dk/kalender/34768/;926;Musik;http://static.billetlugen.dk/images/events/b/34768.jpg;Gratis
1;Aarhus C;The Last Waltz;http://www.billetlugen.dk/referer/?r=266abe1b7fab4562a5c2531d0ae62171&p=/koeb/billetter/32801/45208/;250.00 DKK;1398172085;45208;Rytmisk Sal;2014-10-03T20:00:00;http://www.musikhusetaarhus.dk/kalender/32801/;480;Musik;http://static.billetlugen.dk/images/events/b/32801.jpg;Rock
1;Aarhus C;Cosi fan tutte;http://www.billetlugen.dk/referer/?r=266abe1b7fab4562a5c2531d0ae62171&p=/koeb/billetter/33499/47134/;205.00 - 505.00 DKK;1403334022;47134;Store Sal;2015-02-05T19:30:00;http://www.musikhusetaarhus.dk/kalender/33499/;666;Musik;http://static.billetlugen.dk/images/events/b/33499.jpg;Opera/Operette
1;Aarhus C;Erasmus Montanus;http://www.billetlugen.dk/referer/?r=266abe1b7fab4562a5c2531d0ae62171&p=/koeb/billetter/32269/43922/;240.00 - 370.00 DKK;1398172085;43922;Store Sal;2014-11-06T20:00:00;http://www.musikhusetaarhus.dk/kalender/32269/;406;Teater;http://static.billetlugen.dk/images/events/b/32269.jpg;Teater
1;Aarhus C;Orginal;http://www.billetlugen.dk/referer/?r=266abe1b7fab4562a5c2531d0ae62171&p=/koeb/billetter/32503/44498/;315.00 - 340.00 DKK;1398172085;44498;Store Sal;2014-11-21T20:00:00;http://www.musikhusetaarhus.dk/kalender/32503/;355;Andet;http://static.billetlugen.dk/images/events/b/32503.jpg;Standup/Comedy
1;Aarhus C;Jenufa;http://www.billetlugen.dk/referer/?r=266abe1b7fab4562a5c2531d0ae62171&p=/koeb/billetter/33506/47142/;335.00 - 675.00 DKK;1403334022;47142;Store Sal;2015-08-22T15:00:00;http://www.musikhusetaarhus.dk/kalender/33506/;670;Musik;http://static.billetlugen.dk/images/events/b/33506.jpg;Opera/Operette
1;Aarhus C;Jenufa;http://www.billetlugen.dk/referer/?r=266abe1b7fab4562a5c2531d0ae62171&p=/koeb/billetter/33506/47143/;335.00 - 675.00 DKK;1403334022;47143;Store Sal;2015-08-26T19:30:00;http://www.musikhusetaarhus.dk/kalender/33506/;671;Musik;http://static.billetlugen.dk/images/events/b/33506.jpg;Opera/Operette
1;Aarhus C;Poul Krebs;http://www.billetlugen.dk/referer/?r=266abe1b7fab4562a5c2531d0ae62171&p=/koeb/billetter/33574/47299/;295.00 DKK;1398172085;47299;Store Sal;2014-11-29T20:00:00;http://www.musikhusetaarhus.dk/kalender/33574/;600;Musik;http://static.billetlugen.dk/images/events/b/33574.jpg;Rock,Pop,Singer/Songwriter,Koncert
1;Aarhus C;Claire Martin;http://www.billetlugen.dk/referer/?r=266abe1b7fab4562a5c2531d0ae62171&p=/koeb/billetter/33354/46877/;110.00 - 160.00 DKK;1399186813;46877;Rytmisk Sal;2014-10-05T15:00:00;http://www.musikhusetaarhus.dk/kalender/33354/;676;Musik;http://static.billetlugen.dk/images/events/b/33354.jpg;Jazz
1;Aarhus C;Poul Halberg og Friends;http://www.billetlugen.dk/referer/?r=266abe1b7fab4562a5c2531d0ae62171&p=/koeb/billetter/33732/47543/;250.00 DKK;1399186813;47543;Rytmisk Sal;2014-10-10T20:00:00;http://www.musikhusetaarhus.dk/kalender/33732/;677;Musik;http://static.billetlugen.dk/images/events/b/33732.jpg;Rock,Pop
1;Aarhus C;Trimmet i 3-kanten;http://www.billetlugen.dk/referer/?r=266abe1b7fab4562a5c2531d0ae62171&p=/koeb/billetter/33089/45804/;348.00 - 448.00 DKK;1398172085;45804;Store Sal;2015-04-10T20:00:00;http://www.musikhusetaarhus.dk/kalender/33089/;528;Musik;http://static.billetlugen.dk/images/events/b/33089.jpg;Show,Komedie,Satire,Teater,Koncert
1;Aarhus C;Orgelsalon;http://www.billetlugen.dk/referer/?r=266abe1b7fab4562a5c2531d0ae62171&p=/koeb/billetter/33748/47562/;115.00 DKK;1399618816;47562;Lok 222;2014-10-30T22:00:00;http://www.musikhusetaarhus.dk/kalender/33748/;679;Musik;http://static.billetlugen.dk/images/events/b/33748.jpg;null
1;Aarhus C;Jul med Alberte;http://www.billetlugen.dk/referer/?r=266abe1b7fab4562a5c2531d0ae62171&p=/koeb/billetter/33901/47976/;140.00 - 220.00 DKK;1399186813;47976;Lille Sal;2014-12-06T13:00:00;http://www.musikhusetaarhus.dk/kalender/33901/;685;Musik;http://static.billetlugen.dk/images/events/b/33901.jpg;Familie/børn,Jul
1;Aarhus C;BaroqueAROS;http://www.billetlugen.dk/referer/?r=266abe1b7fab4562a5c2531d0ae62171&p=/koeb/billetter/33804/47836/;85.00 - 115.00 DKK;1399359613;47836;Symfonisk Sal;2015-01-18T14:00:00;http://www.musikhusetaarhus.dk/kalender/33804/;686;Musik;http://static.billetlugen.dk/images/events/b/33804.jpg;Klassisk koncert
1;Aarhus C;De små synger sammen;http://www.billetlugen.dk/referer/?r=266abe1b7fab4562a5c2531d0ae62171&p=/koeb/billetter/34825/51464/;Gratis;1406876425;51464;Foyer Syd;2014-09-11T10:15:00;http://www.musikhusetaarhus.dk/kalender/34825/;930;Musik;http://static.billetlugen.dk/images/events/b/34825.jpg;Familie/børn,Gratis
1;Aarhus C;The Real Group;http://www.billetlugen.dk/referer/?r=266abe1b7fab4562a5c2531d0ae62171&p=/koeb/billetter/33896/47971/;267.00 DKK;1399186813;47971;Store Sal;2015-03-26T20:00:00;http://www.musikhusetaarhus.dk/kalender/33896/;687;Musik;http://static.billetlugen.dk/images/events/b/33896.jpg;Pop
2;Aarhus C;DIRTY DANCING THE MUSICAL;http://www.billetlugen.dk/referer/?r=266abe1b7fab4562a5c2531d0ae62171&p=/koeb/billetter/34116/48702/;135.00 - 815.00 DKK;1405062024;48702;Store Sal;2015-05-10T15:00:00;http://www.musikhusetaarhus.dk/kalender/34116/;825;Musik;http://static.billetlugen.dk/images/events/b/34116.jpg;Musical
2;Aarhus C;DIRTY DANCING THE MUSICAL;http://www.billetlugen.dk/referer/?r=266abe1b7fab4562a5c2531d0ae62171&p=/koeb/billetter/34116/48706/;135.00 - 815.00 DKK;1405062024;48706;Store Sal;2015-05-13T20:00:00;http://www.musikhusetaarhus.dk/kalender/34116/;826;Musik;http://static.billetlugen.dk/images/events/b/34116.jpg;Musical
2;Aarhus C;DIRTY DANCING THE MUSICAL;http://www.billetlugen.dk/referer/?r=266abe1b7fab4562a5c2531d0ae62171&p=/koeb/billetter/34116/48707/;135.00 - 815.00 DKK;1405062024;48707;Store Sal;2015-05-17T15:00:00;http://www.musikhusetaarhus.dk/kalender/34116/;831;Musik;http://static.billetlugen.dk/images/events/b/34116.jpg;Musical
2;Aarhus C;Chippendales;http://www.billetlugen.dk/referer/?r=266abe1b7fab4562a5c2531d0ae62171&p=/koeb/billetter/31975/43365/;220.00 - 470.00 DKK;1400137220;43365;Store Sal;2014-09-27T20:00:00;http://www.musikhusetaarhus.dk/kalender/31975/;294;Andet;http://static.billetlugen.dk/images/events/b/31975.jpg;Show
4;Aarhus C;Historien om Johnny Cash;http://www.billetlugen.dk/referer/?r=266abe1b7fab4562a5c2531d0ae62171&p=/koeb/billetter/34077/48542/;Gratis;1403593223;48542;Caféen;2014-11-30T12:00:00;http://www.musikhusetaarhus.dk/kalender/34077/;771;Musik;http://static.billetlugen.dk/images/events/b/34077.jpg;Gratis